eixo,atividade,descricao,indicador_tipo,indicador_fisico,unidade,meta,data_inicio,data_fim,responsavel,status,evidencia
gestao_e_governanca,Formalizacao institucional,"Confirmar modalidade, unidade, coordenacao, equipe, cargas, parceiros e fluxo de aprovacao",qualitativo,Plano de trabalho validado,plano,1,2026-09-01,2026-09-16,Coordenacao e gestao,planejado,
gestao_e_governanca,Governanca e salvaguardas,"Pactuar decisoes, acessibilidade, privacidade, encaminhamentos e resposta a incidentes",qualitativo,Protocolo de governanca validado,protocolo,1,2026-09-01,2026-09-23,Coordenacao e parceiros tecnicos,planejado,
gestao_e_governanca,Escuta inicial,"Realizar consulta agregada sobre necessidades, barreiras e formatos acessiveis",quantitativo,Consulta concluida e analisada,consulta,1,2026-09-08,2026-09-30,Equipe executora,planejado,
gestao_e_governanca,Mapa de portas,"Mapear servicos, competencias, criterios e encaminhamentos existentes",qualitativo,Mapa institucional revisado,mapa,1,2026-09-08,2026-10-02,Equipe e parceiros tecnicos,planejado,
trilha_pares,Preparacao da trilha,"Definir acordo de convivencia, acessibilidade, agenda inicial, divulgacao e inscricao minima",qualitativo,Trilha pronta para iniciar,trilha,1,2026-09-14,2026-10-02,Equipe e coordenacao,planejado,
trilha_pares,Ciclo piloto de pares,"Realizar encontros formativos e de troca para servidores autistas e servidores cuidadores",quantitativo,Encontros realizados,encontro,6,2026-10-06,2026-12-15,Equipe com participacao do grupo,planejado,
trilha_pares,Cofacilitacao e autonomia,"Testar planejamento compartilhado e cofacilitacao voluntaria",qualitativo,Ciclo com participacao na definicao de agenda,ciclo,1,2026-11-03,2026-12-15,Grupo de pares com apoio da equipe,planejado,
trilha_gestao,Desenho da formacao,"Preparar e revisar casos sinteticos, roteiro, limites e materiais para chefias",qualitativo,Formacao validada,formacao,1,2026-09-21,2026-10-23,Equipe e parceiros tecnicos,planejado,
trilha_gestao,Oficina para chefias,"Executar oficina aplicada sobre comunicacao, barreiras, organizacao do trabalho e encaminhamentos",quantitativo,Oficinas realizadas,oficina,1,2026-11-04,2026-11-04,Coordenacao e gestao,planejado,
trilha_gestao,Acoes abertas,"Realizar atividades educacionais abertas para a comunidade universitaria",quantitativo,Acoes abertas realizadas,acao,2,2026-10-28,2026-12-09,Equipe executora,planejado,
repositorio_educacional,Padrao editorial,"Definir metadados, revisao tecnica, acessibilidade, licenca e ciclo de atualizacao",qualitativo,Padrao de publicacao aprovado,padrao,1,2026-09-14,2026-10-02,Equipe e coordenacao,planejado,
repositorio_educacional,Materiais iniciais,"Produzir recursos para servidores autistas, cuidadores, chefias e comunidade",quantitativo,Materiais aprovados e publicados,material,3,2026-09-28,2026-12-11,Equipe e revisores tecnicos,planejado,
repositorio_educacional,Guia para gestores,"Produzir roteiro pratico com limites de competencia e portas institucionais",quantitativo,Guia aprovado e acessivel,guia,1,2026-10-05,2026-12-11,Equipe e parceiros tecnicos,planejado,
monitoramento_e_sustentabilidade,Linha de base,"Definir e coletar indicadores minimos antes ou no inicio das atividades",qualitativo,Linha de base documentada,linha_de_base,1,2026-09-21,2026-10-09,Equipe de avaliacao,planejado,
monitoramento_e_sustentabilidade,Avaliacao do piloto,"Analisar implantacao, alcance, experiencia, aprendizagem, privacidade e viabilidade",quantitativo,Relatorio agregado do piloto,relatorio,1,2026-12-01,2026-12-18,Coordenacao e equipe de avaliacao,planejado,
monitoramento_e_sustentabilidade,Devolutiva e redesenho,"Devolver resultados, revisar metodo e decidir condicoes para expansao",qualitativo,Plano revisado para a fase seguinte,plano,1,2027-01-04,2027-02-26,Governanca do projeto,planejado,
trilha_pares,Expansao multicampi dos pares,"Executar novo ciclo conforme capacidade, aprendizagem e demanda aprovadas",qualitativo,Ciclo multicampi executado,ciclo,1,2027-03-01,2027-06-30,Equipe e representantes dos campi,planejado,
trilha_gestao,Expansao da formacao,"Ofertar formacao adicional e apoiar aplicacao das praticas por gestores",qualitativo,Ciclo ampliado de formacao concluido,ciclo,1,2027-03-01,2027-06-30,Coordenacao e gestao,planejado,
repositorio_educacional,Manutencao e ampliacao,"Revisar materiais, incorporar aprendizados e publicar novos recursos aprovados",qualitativo,Repositorio revisado e ampliado,versao,1,2027-03-01,2027-07-30,Equipe editorial,planejado,
monitoramento_e_sustentabilidade,Plano de sustentabilidade,"Definir autonomia, responsaveis permanentes, recursos, manutencao e criterios de encerramento",qualitativo,Plano de sustentabilidade decidido,plano,1,2027-07-01,2027-08-31,Governanca e gestao,planejado,
gestao_e_governanca,Relatorio final e decisao institucional,"Consolidar resultados, limitacoes e recomendacao de continuidade, correcao ou encerramento",quantitativo,Relatorio final e decisao registrados,relatorio,1,2027-07-17,2027-08-31,Coordenacao e gestao,planejado,

